{"cameraMode":{"drawMode":0,"name":"Shaded","section":"Shading Mode"},"sceneLighting":false,"audioPlay":false,"sceneViewState":{"showFog":true,"showMaterialUpdate":false,"showSkybox":false,"showFlares":true,"showImageEffects":true,"showParticleSystems":true},"in2DMode":false,"pivot":{"x":-5.820000171661377,"y":1.4800000190734864,"z":9.359999656677246},"rotation":{"x":0.15637849271297456,"y":0.7023074626922607,"z":-0.16243283450603486,"w":0.6753548979759216},"size":8.311007499694825,"orthographic":true}