{"cameraMode":{"drawMode":0,"name":"Shaded","section":"Shading Mode"},"sceneLighting":true,"audioPlay":false,"sceneViewState":{"showFog":true,"showMaterialUpdate":false,"showSkybox":true,"showFlares":true,"showImageEffects":true,"showParticleSystems":true},"in2DMode":false,"pivot":{"x":-10.196874618530274,"y":-3.214005947113037,"z":12.594329833984375},"rotation":{"x":0.3444916605949402,"y":0.24866311252117158,"z":-0.09505017846822739,"w":0.9003552794456482},"size":26.274436950683595,"orthographic":true}