{"cameraMode":{"drawMode":0,"name":"Shaded","section":"Shading Mode"},"sceneLighting":true,"audioPlay":false,"sceneViewState":{"showFog":true,"showMaterialUpdate":false,"showSkybox":true,"showFlares":true,"showImageEffects":true,"showParticleSystems":true},"in2DMode":false,"pivot":{"x":-0.5733063220977783,"y":1.0099990367889405,"z":4.491185188293457},"rotation":{"x":0.17652444541454316,"y":0.7837451696395874,"z":-0.2574293613433838,"w":0.5371448993682861},"size":8.329398155212403,"orthographic":true}